{"cameraMode":{"drawMode":0,"name":"Shaded","section":"Shading Mode"},"sceneLighting":false,"audioPlay":false,"sceneViewState":{"m_AlwaysRefresh":false,"showFog":true,"showSkybox":true,"showFlares":true,"showImageEffects":true,"showParticleSystems":true,"showVisualEffectGraphs":true,"m_FxEnabled":true},"in2DMode":false,"pivot":{"x":1.559999942779541,"y":5.889999866485596,"z":0.8799999952316284},"rotation":{"x":0.010606384836137295,"y":-0.6762950420379639,"z":0.009740013629198075,"w":0.736512303352356},"size":0.8660253882408142,"orthographic":false}