{"cameraMode":{"drawMode":0,"name":"Shaded","section":"Shading Mode"},"sceneLighting":false,"audioPlay":false,"sceneViewState":{"m_AlwaysRefresh":false,"showFog":true,"showSkybox":true,"showFlares":true,"showImageEffects":true,"showParticleSystems":true,"showVisualEffectGraphs":true,"m_FxEnabled":true},"in2DMode":false,"pivot":{"x":13.519206047058106,"y":9.91910457611084,"z":-11.908206939697266},"rotation":{"x":0.010606384836137295,"y":-0.6762950420379639,"z":0.009740013629198075,"w":0.736512303352356},"size":1.2247447967529297,"orthographic":false}